[
  {
    "id": "id1",
    "authorId": 10,
    "date": "May 20, 2021",
    "href": "/listing-stay-detail",
    "listingCategoryId": 17,
    "title": "Mountain Bloom ",
    "featuredImage": "https://www.homestaysofindia.com/wp-content/uploads/2024/07/e.jpg",
    "galleryImgs": [
      "https://www.homestaysofindia.com/wp-content/uploads/2024/07/e.jpg",
      "https://www.homestaysofindia.com/wp-content/uploads/2024/07/Exterior-19.jpg",
      "https://images.pexels.com/photos/2506988/pexels-photo-2506988.jpeg?auto=compress&cs=tinysrgb&dpr=1&w=500",
      "https://images.pexels.com/photos/2373201/pexels-photo-2373201.jpeg?auto=compress&cs=tinysrgb&dpr=1&w=500"
    ],
    "commentCount": 70,
    "viewCount": 602,
    "like": false,
    "address": "Pelling, Town in Sikkim",
    "reviewStart": 4.8,
    "reviewCount": 28,
    "price": "₹1400",
    "maxGuests": 6,
    "bedrooms": 10,
    "bathrooms": 3,
    "saleOff": "-10% today",
    "isAds": null,
    "map": { "lat": 55.2094559, "lng": 61.5594641 }
  },
  {
    "id": "id_2",
    "authorId": 1,
    "date": "May 20, 2021",
    "href": "/listing-stay-detail",
    "listingCategoryId": 9,
    "title": "Calm Creek Farmstay ",
    "featuredImage": "https://www.homestaysofindia.com/wp-content/uploads/2024/07/Exterior-1-11.jpg",
    "galleryImgs": [
      "https://www.homestaysofindia.com/wp-content/uploads/2024/07/Exterior-1-11.jpg",
      "https://www.homestaysofindia.com/wp-content/uploads/2024/10/Exterior-View.jpg",
      "https://images.pexels.com/photos/4577673/pexels-photo-4577673.jpeg?auto=compress&cs=tinysrgb&dpr=1&w=500",
      "https://images.pexels.com/photos/6474535/pexels-photo-6474535.jpeg?auto=compress&cs=tinysrgb&dpr=1&w=500"
    ],
    "commentCount": 16,
    "viewCount": 196,
    "like": false,
    "address": "Darjeeling, City in West Bengal",
    "reviewStart": 4.4,
    "reviewCount": 198,
    "price": "₹4000",
    "maxGuests": 10,
    "bedrooms": 6,
    "bathrooms": 7,
    "saleOff": "-10% today",
    "isAds": null,
    "map": { "lat": 55.1972153, "lng": 61.4407266 }
  },
  {
    "id": "id_3",
    "authorId": 6,
    "date": "May 20, 2021",
    "href": "/listing-stay-detail",
    "listingCategoryId": 11,
    "title": "Enchanting Hills, Homestay ",
    "featuredImage": "https://www.homestaysofindia.com/wp-content/uploads/2024/07/Exterior-16.jpg",
    "galleryImgs": [
      "https://www.homestaysofindia.com/wp-content/uploads/2024/07/Exterior-16.jpg",
      "https://www.homestaysofindia.com/wp-content/uploads/2024/07/Classic-Room-3-7.jpg",
      "https://images.pexels.com/photos/2677398/pexels-photo-2677398.jpeg?auto=compress&cs=tinysrgb&dpr=1&w=500",
      "https://images.pexels.com/photos/756078/pexels-photo-756078.jpeg?auto=compress&cs=tinysrgb&dpr=1&w=500"
    ],
    "commentCount": 47,
    "viewCount": 843,
    "like": true,
    "address": "Darjeeling, City in West Bengal",
    "reviewStart": 3.6,
    "reviewCount": 16,
    "price": "₹278",
    "maxGuests": 9,
    "bedrooms": 9,
    "bathrooms": 8,
    "saleOff": null,
    "isAds": null,
    "map": { "lat": 55.247483, "lng": 61.5229791 }
  },
  {
    "id": "id_4",
    "authorId": 8,
    "date": "May 20, 2021",
    "href": "/listing-stay-detail",
    "listingCategoryId": 6,
    "title": "Ahom Homestay ",
    "featuredImage": "https://www.homestaysofindia.com/wp-content/uploads/2024/07/Exterior-View-Ahom-Homestay-Sivasagar.jpg",
    "galleryImgs": [
      "https://www.homestaysofindia.com/wp-content/uploads/2024/07/Exterior-View-Ahom-Homestay-Sivasagar.jpg",
      "https://www.homestaysofindia.com/wp-content/uploads/2024/07/Exterior-1-Ahom-Homestay-Sivasagar.jpg",
      "https://images.pexels.com/photos/3201922/pexels-photo-3201922.jpeg?auto=compress&cs=tinysrgb&dpr=1&w=500",
      "https://images.pexels.com/photos/2404422/pexels-photo-2404422.jpeg?auto=compress&cs=tinysrgb&dpr=1&w=500"
    ],
    "commentCount": 6,
    "viewCount": 91,
    "like": false,
    "address": "35 Sherman Park",
    "reviewStart": 4.8,
    "reviewCount": 34,
    "price": "₹40",
    "maxGuests": 6,
    "bedrooms": 7,
    "bathrooms": 5,
    "saleOff": null,
    "isAds": null,
    "map": { "lat": 55.2342034, "lng": 61.5409607 }
  },
  {
    "id": "id_5",
    "authorId": 2,
    "date": "May 20, 2021",
    "href": "/listing-stay-detail",
    "listingCategoryId": 11,
    "title": "Timeless Elegance Heritage ",
    "featuredImage": "https://www.homestaysofindia.com/wp-content/uploads/2024/07/Exterior-Timeless-Elegance-Heritage-Homestay-Takdah.jpg",
    "galleryImgs": [
      "https://www.homestaysofindia.com/wp-content/uploads/2024/07/Exterior-Timeless-Elegance-Heritage-Homestay-Takdah.jpg",
      "https://www.homestaysofindia.com/wp-content/uploads/2024/07/Family-Cottage-1-Timeless-Elegance-Heritage-Homestay-Takdah.jpg",
      "https://images.pexels.com/photos/261410/pexels-photo-261410.jpeg?auto=compress&cs=tinysrgb&dpr=1&w=500",
      "https://images.pexels.com/photos/2983472/pexels-photo-2983472.jpeg?auto=compress&cs=tinysrgb&dpr=1&w=500"
    ],
    "commentCount": 91,
    "viewCount": 574,
    "like": false,
    "address": "Takdah, India",
    "reviewStart": 3.4,
    "reviewCount": 340,
    "price": "₹1147",
    "maxGuests": 8,
    "bedrooms": 3,
    "bathrooms": 2,
    "saleOff": null,
    "isAds": null,
    "map": { "lat": 55.2288039, "lng": 61.6050232 }
  },
  {
    "id": "id_6",
    "authorId": 4,
    "date": "May 20, 2021",
    "href": "/listing-stay-detail",
    "listingCategoryId": 7,
    "title": "Divine Roots Homestay ",
    "featuredImage": "https://www.homestaysofindia.com/wp-content/uploads/2024/07/Garden-The-Welcoming-Nest-Homestay-Bhubaneswar.jpg",
    "galleryImgs": [
      "https://www.homestaysofindia.com/wp-content/uploads/2024/07/Garden-The-Welcoming-Nest-Homestay-Bhubaneswar.jpg",
      "https://www.homestaysofindia.com/wp-content/uploads/2024/07/Classic-Room-2-The-Welcoming-Nest-Homestay-Bhubaneswar.jpg",
      "https://images.pexels.com/photos/6900098/pexels-photo-6900098.jpeg?auto=compress&cs=tinysrgb&dpr=1&w=500",
      "https://images.pexels.com/photos/1371313/pexels-photo-1371313.jpeg?auto=compress&cs=tinysrgb&dpr=1&w=500"
    ],
    "commentCount": 21,
    "viewCount": 210,
    "like": true,
    "address": "Bhubneshwar, City in Odisha",
    "reviewStart": 3.8,
    "reviewCount": 508,
    "price": "₹934",
    "maxGuests": 8,
    "bedrooms": 7,
    "bathrooms": 7,
    "saleOff": null,
    "isAds": null,
    "map": { "lat": 55.1952216, "lng": 61.6115793 }
  },
  {
    "id": "id_7",
    "authorId": 4,
    "date": "May 20, 2021",
    "href": "/listing-stay-detail",
    "listingCategoryId": 20,
    "title": "Ethereal Embrace Homestay",
    "featuredImage": "https://www.homestaysofindia.com/wp-content/uploads/2024/06/Exterior-Ethereal-Embrace-Homestay-Sukhia-Pokhri.jpg",
    "galleryImgs": [
      "https://www.homestaysofindia.com/wp-content/uploads/2024/06/Exterior-Ethereal-Embrace-Homestay-Sukhia-Pokhri.jpg",
      "https://www.homestaysofindia.com/wp-content/uploads/2024/06/Superior-Room-1.2-Ethereal-Embrace-Homestay-Sukhia-Pokhri-1.jpg",
      "https://images.pexels.com/photos/8506437/pexels-photo-8506437.jpeg?auto=compress&cs=tinysrgb&dpr=1&w=500",
      "https://images.pexels.com/photos/3935311/pexels-photo-3935311.jpeg?auto=compress&cs=tinysrgb&dpr=1&w=500"
    ],
    "commentCount": 10,
    "viewCount": 311,
    "like": false,
    "address": "Sukhia Pokhari, in West Bengal",
    "reviewStart": 3.0,
    "reviewCount": 481,
    "price": "₹282",
    "maxGuests": 9,
    "bedrooms": 2,
    "bathrooms": 5,
    "saleOff": "-10% today",
    "isAds": null,
    "map": { "lat": 55.2211607, "lng": 61.5065318 }
  },
  {
    "id": "id_8",
    "authorId": 8,
    "date": "May 20, 2021",
    "href": "/listing-stay-detail",
    "listingCategoryId": 10,
    "title": "Gateway to Singalila ",
    "featuredImage": "https://www.homestaysofindia.com/wp-content/uploads/2024/06/Exterior-2-Gateway-to-Singalila-Homestay-Rimbik.jpg",
    "galleryImgs": [
      "https://www.homestaysofindia.com/wp-content/uploads/2024/06/Exterior-2-Gateway-to-Singalila-Homestay-Rimbik.jpg",
      "https://www.homestaysofindia.com/wp-content/uploads/2024/06/Classic-Room-1-Gateway-to-Singalila-Homestay-Rimbik.jpg",
      "https://images.pexels.com/photos/1571469/pexels-photo-1571469.jpeg?auto=compress&cs=tinysrgb&dpr=1&w=500",
      "https://images.pexels.com/photos/3946663/pexels-photo-3946663.jpeg?auto=compress&cs=tinysrgb&dpr=1&w=500"
    ],
    "commentCount": 40,
    "viewCount": 905,
    "like": true,
    "address": "Rimbik",
    "reviewStart": 3.9,
    "reviewCount": 188,
    "price": "₹79",
    "maxGuests": 6,
    "bedrooms": 7,
    "bathrooms": 4,
    "saleOff": null,
    "isAds": null,
    "map": { "lat": 55.2126851, "lng": 61.4912261 }
  },
  {
    "id": "id_9",
    "authorId": 1,
    "date": "May 20, 2021",
    "href": "/listing-stay-detail",
    "listingCategoryId": 8,
    "title": "OYO Sunrise Hotel ",
    "featuredImage": "https://images.pexels.com/photos/5191371/pexels-photo-5191371.jpeg?auto=compress&cs=tinysrgb&dpr=1&w=500",
    "galleryImgs": [
      "https://images.pexels.com/photos/1571469/pexels-photo-1571469.jpeg?auto=compress&cs=tinysrgb&dpr=1&w=500",
      "https://images.pexels.com/photos/1571468/pexels-photo-1571468.jpeg?auto=compress&cs=tinysrgb&dpr=1&w=500",
      "https://images.pexels.com/photos/1909752/pexels-photo-1909752.jpeg?auto=compress&cs=tinysrgb&dpr=1&w=500",
      "https://images.pexels.com/photos/418806/pexels-photo-418806.jpeg?auto=compress&cs=tinysrgb&dpr=1&w=500"
    ],
    "commentCount": 38,
    "viewCount": 588,
    "like": true,
    "address": "77058 Havey Terrace",
    "reviewStart": 3.4,
    "reviewCount": 450,
    "price": "$65",
    "maxGuests": 8,
    "bedrooms": 7,
    "bathrooms": 6,
    "saleOff": null,
    "isAds": null,
    "map": { "lat": 55.185907, "lng": 61.4864299 }
  },
  {
    "id": "id_10",
    "authorId": 2,
    "date": "May 20, 2021",
    "href": "/listing-stay-detail",
    "listingCategoryId": 1,
    "title": "The Bridge House; BW Signature Collection ",
    "featuredImage": "https://images.pexels.com/photos/5191371/pexels-photo-5191371.jpeg?auto=compress&cs=tinysrgb&dpr=1&w=500",
    "galleryImgs": [
      "https://images.pexels.com/photos/3935315/pexels-photo-3935315.jpeg?auto=compress&cs=tinysrgb&dpr=1&w=500",
      "https://images.pexels.com/photos/1571453/pexels-photo-1571453.jpeg?auto=compress&cs=tinysrgb&dpr=1&w=500",
      "https://images.pexels.com/photos/2133230/pexels-photo-2133230.jpeg?auto=compress&cs=tinysrgb&dpr=1&w=500",
      "https://images.pexels.com/photos/6480707/pexels-photo-6480707.jpeg?auto=compress&cs=tinysrgb&dpr=1&w=500"
    ],
    "commentCount": 49,
    "viewCount": 794,
    "like": true,
    "address": "691 Northridge Plaza",
    "reviewStart": 4.5,
    "reviewCount": 363,
    "price": "$265",
    "maxGuests": 8,
    "bedrooms": 2,
    "bathrooms": 10,
    "saleOff": "-10% today",
    "isAds": null,
    "map": { "lat": 55.1735735, "lng": 61.4991107 }
  },
  {
    "id": "id_11",
    "authorId": 3,
    "date": "May 20, 2021",
    "href": "/listing-stay-detail",
    "listingCategoryId": 19,
    "title": "Hartford Hall on School Lane ",
    "featuredImage": "https://images.pexels.com/photos/5191371/pexels-photo-5191371.jpeg?auto=compress&cs=tinysrgb&dpr=1&w=500",
    "galleryImgs": [
      "https://images.pexels.com/photos/1428348/pexels-photo-1428348.jpeg?auto=compress&cs=tinysrgb&dpr=1&w=500",
      "https://images.pexels.com/photos/6480707/pexels-photo-6480707.jpeg?auto=compress&cs=tinysrgb&dpr=1&w=500",
      "https://images.pexels.com/photos/2507010/pexels-photo-2507010.jpeg?auto=compress&cs=tinysrgb&dpr=1&w=500",
      "https://images.pexels.com/photos/974382/pexels-photo-974382.jpeg?auto=compress&cs=tinysrgb&dpr=1&w=500"
    ],
    "commentCount": 13,
    "viewCount": 566,
    "like": true,
    "address": "28913 Ridgeway Terrace",
    "reviewStart": 3.9,
    "reviewCount": 436,
    "price": "$122",
    "maxGuests": 5,
    "bedrooms": 3,
    "bathrooms": 4,
    "saleOff": "-10% today",
    "isAds": null,
    "map": { "lat": 59.955413, "lng": 30.337844 }
  },
  {
    "id": "id_12",
    "authorId": 7,
    "date": "May 20, 2021",
    "href": "/listing-stay-detail",
    "listingCategoryId": 4,
    "title": "Red Lion, Wigan by Marston's Inns ",
    "featuredImage": "https://images.pexels.com/photos/5191371/pexels-photo-5191371.jpeg?auto=compress&cs=tinysrgb&dpr=1&w=500",
    "galleryImgs": [
      "https://images.pexels.com/photos/1643383/pexels-photo-1643383.jpeg?auto=compress&cs=tinysrgb&dpr=1&w=500",
      "https://images.pexels.com/photos/1080719/pexels-photo-1080719.jpeg?auto=compress&cs=tinysrgb&dpr=1&w=500",
      "https://images.pexels.com/photos/1080719/pexels-photo-1080719.jpeg?auto=compress&cs=tinysrgb&dpr=1&w=500",
      "https://images.pexels.com/photos/279867/pexels-photo-279867.jpeg?auto=compress&cs=tinysrgb&dpr=1&w=500"
    ],
    "commentCount": 17,
    "viewCount": 12,
    "like": true,
    "address": "43 Columbus Drive",
    "reviewStart": 3.4,
    "reviewCount": 301,
    "price": "$370",
    "maxGuests": 5,
    "bedrooms": 7,
    "bathrooms": 2,
    "saleOff": null,
    "isAds": null,
    "map": { "lat": 59.955413, "lng": 30.337844 }
  },
  {
    "id": "id_13",
    "authorId": 1,
    "date": "May 20, 2021",
    "href": "/listing-stay-detail",
    "listingCategoryId": 6,
    "title": "Swan, Thatcham by Marston's Inns ",
    "featuredImage": "https://images.pexels.com/photos/5191371/pexels-photo-5191371.jpeg?auto=compress&cs=tinysrgb&dpr=1&w=500",
    "galleryImgs": [
      "https://images.pexels.com/photos/4665034/pexels-photo-4665034.jpeg?auto=compress&cs=tinysrgb&dpr=1&w=500",
      "https://images.pexels.com/photos/1484981/pexels-photo-1484981.jpeg?auto=compress&cs=tinysrgb&dpr=1&w=500",
      "https://images.pexels.com/photos/189333/pexels-photo-189333.jpeg?auto=compress&cs=tinysrgb&dpr=1&w=500",
      "https://images.pexels.com/photos/6238614/pexels-photo-6238614.jpeg?auto=compress&cs=tinysrgb&dpr=1&w=500"
    ],
    "commentCount": 55,
    "viewCount": 963,
    "like": false,
    "address": "02320 Bluestem Pass",
    "reviewStart": 4.3,
    "reviewCount": 99,
    "price": "$154",
    "maxGuests": 5,
    "bedrooms": 10,
    "bathrooms": 6,
    "saleOff": "-10% today",
    "isAds": null,
    "map": { "lat": 59.955413, "lng": 30.337844 }
  },
  {
    "id": "id_14",
    "authorId": 3,
    "date": "May 20, 2021",
    "href": "/listing-stay-detail",
    "listingCategoryId": 13,
    "title": "Stonehouse Court Hotel - A Bespoke Hotel ",
    "featuredImage": "https://images.pexels.com/photos/5191371/pexels-photo-5191371.jpeg?auto=compress&cs=tinysrgb&dpr=1&w=500",
    "galleryImgs": [
      "https://images.pexels.com/photos/1652423/pexels-photo-1652423.jpeg?auto=compress&cs=tinysrgb&dpr=1&w=500",
      "https://images.pexels.com/photos/349749/kitchen-stove-sink-kitchen-counter-349749.jpeg?auto=compress&cs=tinysrgb&dpr=1&w=500",
      "https://images.pexels.com/photos/2736139/pexels-photo-2736139.jpeg?auto=compress&cs=tinysrgb&dpr=1&w=500",
      "https://images.pexels.com/photos/3263716/pexels-photo-3263716.jpeg?auto=compress&cs=tinysrgb&dpr=1&w=500"
    ],
    "commentCount": 59,
    "viewCount": 660,
    "like": false,
    "address": "778 Lyons Point",
    "reviewStart": 3.9,
    "reviewCount": 137,
    "price": "$36",
    "maxGuests": 6,
    "bedrooms": 2,
    "bathrooms": 5,
    "saleOff": null,
    "isAds": null,
    "map": { "lat": 59.955413, "lng": 30.337844 }
  },
  {
    "id": "id_15",
    "authorId": 10,
    "date": "May 20, 2021",
    "href": "/listing-stay-detail",
    "listingCategoryId": 18,
    "title": "The Ethorpe Hotel by Greene King Inns ",
    "featuredImage": "https://images.pexels.com/photos/5191371/pexels-photo-5191371.jpeg?auto=compress&cs=tinysrgb&dpr=1&w=500",
    "galleryImgs": [
      "https://images.pexels.com/photos/271618/pexels-photo-271618.jpeg?auto=compress&cs=tinysrgb&dpr=3&h=750&w=1260",
      "https://images.pexels.com/photos/6238615/pexels-photo-6238615.jpeg?auto=compress&cs=tinysrgb&dpr=1&w=500",
      "https://images.pexels.com/photos/2121120/pexels-photo-2121120.jpeg?auto=compress&cs=tinysrgb&dpr=1&w=500",
      "https://images.pexels.com/photos/2867761/pexels-photo-2867761.jpeg?auto=compress&cs=tinysrgb&dpr=1&w=500"
    ],
    "commentCount": 12,
    "viewCount": 9,
    "like": false,
    "address": "7 Lighthouse Bay Parkway",
    "reviewStart": 3.5,
    "reviewCount": 415,
    "price": "$288",
    "maxGuests": 5,
    "bedrooms": 9,
    "bathrooms": 2,
    "saleOff": "-10% today",
    "isAds": null,
    "map": { "lat": 59.955413, "lng": 30.337844 }
  },
  {
    "id": "id_16",
    "authorId": 7,
    "date": "May 20, 2021",
    "href": "/listing-stay-detail",
    "listingCategoryId": 19,
    "title": "Tumbling Weir Hotel ",
    "featuredImage": "https://images.pexels.com/photos/5191371/pexels-photo-5191371.jpeg?auto=compress&cs=tinysrgb&dpr=1&w=500",
    "galleryImgs": [
      "https://images.pexels.com/photos/3773582/pexels-photo-3773582.png?auto=compress&cs=tinysrgb&dpr=1&w=500",
      "https://images.pexels.com/photos/3935330/pexels-photo-3935330.jpeg?auto=compress&cs=tinysrgb&dpr=1&w=500",
      "https://images.pexels.com/photos/3316925/pexels-photo-3316925.jpeg?auto=compress&cs=tinysrgb&dpr=1&w=500",
      "https://images.pexels.com/photos/2029163/pexels-photo-2029163.jpeg?auto=compress&cs=tinysrgb&dpr=1&w=500"
    ],
    "commentCount": 18,
    "viewCount": 516,
    "like": true,
    "address": "78173 Lillian Pass",
    "reviewStart": 3.3,
    "reviewCount": 192,
    "price": "$187",
    "maxGuests": 8,
    "bedrooms": 4,
    "bathrooms": 9,
    "saleOff": null,
    "isAds": null,
    "map": { "lat": 59.955413, "lng": 30.337844 }
  },
  {
    "id": "a377ce70-0bff-4659-bf4c-d2e811c278f0",
    "authorId": 5,
    "date": "May 20, 2021",
    "href": "/listing-stay-detail",
    "listingCategoryId": 9,
    "title": "Saracens Head Hotel by Greene King Inns ",
    "featuredImage": "https://images.pexels.com/photos/5191371/pexels-photo-5191371.jpeg?auto=compress&cs=tinysrgb&dpr=1&w=500",
    "galleryImgs": [
      "https://images.pexels.com/photos/3741314/pexels-photo-3741314.jpeg?auto=compress&cs=tinysrgb&dpr=1&w=500",
      "https://images.pexels.com/photos/3741314/pexels-photo-3741314.jpeg?auto=compress&cs=tinysrgb&dpr=1&w=500",
      "https://images.pexels.com/photos/3741314/pexels-photo-3741314.jpeg?auto=compress&cs=tinysrgb&dpr=1&w=500",
      "https://images.pexels.com/photos/3741314/pexels-photo-3741314.jpeg?auto=compress&cs=tinysrgb&dpr=1&w=500"
    ],
    "commentCount": 54,
    "viewCount": 475,
    "like": true,
    "address": "20 Tomscot Street",
    "reviewStart": 3.8,
    "reviewCount": 154,
    "price": "$140",
    "maxGuests": 6,
    "bedrooms": 6,
    "bathrooms": 10,
    "saleOff": null,
    "isAds": null,
    "map": { "lat": 59.955413, "lng": 30.337844 }
  },
  {
    "id": "3c080cc5-4069-4b3a-8faa-24b55be1b6d0",
    "authorId": 8,
    "date": "May 20, 2021",
    "href": "/listing-stay-detail",
    "listingCategoryId": 19,
    "title": "The Chantry ",
    "featuredImage": "https://images.pexels.com/photos/5191371/pexels-photo-5191371.jpeg?auto=compress&cs=tinysrgb&dpr=1&w=500",
    "galleryImgs": [
      "https://images.pexels.com/photos/1454806/pexels-photo-1454806.jpeg?auto=compress&cs=tinysrgb&dpr=1&w=500",
      "https://images.pexels.com/photos/1454806/pexels-photo-1454806.jpeg?auto=compress&cs=tinysrgb&dpr=1&w=500",
      "https://images.pexels.com/photos/1454806/pexels-photo-1454806.jpeg?auto=compress&cs=tinysrgb&dpr=1&w=500",
      "https://images.pexels.com/photos/1454806/pexels-photo-1454806.jpeg?auto=compress&cs=tinysrgb&dpr=1&w=500"
    ],
    "commentCount": 56,
    "viewCount": 457,
    "like": true,
    "address": "88232 Debra Lane",
    "reviewStart": 4.1,
    "reviewCount": 584,
    "price": "$35",
    "maxGuests": 5,
    "bedrooms": 6,
    "bathrooms": 3,
    "saleOff": "-10% today",
    "isAds": false,
    "map": { "lat": 59.955413, "lng": 30.337844 }
  },
  {
    "id": "aceb69b4-e2c0-479c-9bdc-5d8d36802627",
    "authorId": 3,
    "date": "May 20, 2021",
    "href": "/listing-stay-detail",
    "listingCategoryId": 13,
    "title": "Littledean House Hotel ",
    "featuredImage": "https://images.pexels.com/photos/5191371/pexels-photo-5191371.jpeg?auto=compress&cs=tinysrgb&dpr=1&w=500",
    "galleryImgs": [
      "https://images.pexels.com/photos/3935326/pexels-photo-3935326.jpeg?auto=compress&cs=tinysrgb&dpr=1&w=500",
      "https://images.pexels.com/photos/3935326/pexels-photo-3935326.jpeg?auto=compress&cs=tinysrgb&dpr=1&w=500",
      "https://images.pexels.com/photos/3935326/pexels-photo-3935326.jpeg?auto=compress&cs=tinysrgb&dpr=1&w=500",
      "https://images.pexels.com/photos/3935326/pexels-photo-3935326.jpeg?auto=compress&cs=tinysrgb&dpr=1&w=500"
    ],
    "commentCount": 83,
    "viewCount": 41,
    "like": false,
    "address": "929 2nd Way",
    "reviewStart": 4.6,
    "reviewCount": 569,
    "price": "$80.27",
    "maxGuests": 7,
    "bedrooms": 9,
    "bathrooms": 3,
    "saleOff": null,
    "isAds": null,
    "map": { "lat": 59.955413, "lng": 30.337844 }
  },
  {
    "id": "96f8de27-fdc1-4df8-8efb-532c17c3abe5",
    "authorId": 4,
    "date": "May 20, 2021",
    "href": "/listing-stay-detail",
    "listingCategoryId": 3,
    "title": "Original White Hart, Ringwood by Marston's Inns ",
    "featuredImage": "https://images.pexels.com/photos/5191371/pexels-photo-5191371.jpeg?auto=compress&cs=tinysrgb&dpr=1&w=500",
    "galleryImgs": [
      "https://images.pexels.com/photos/6527028/pexels-photo-6527028.jpeg?auto=compress&cs=tinysrgb&dpr=1&w=500",
      "https://images.pexels.com/photos/6527028/pexels-photo-6527028.jpeg?auto=compress&cs=tinysrgb&dpr=1&w=500",
      "https://images.pexels.com/photos/6527028/pexels-photo-6527028.jpeg?auto=compress&cs=tinysrgb&dpr=1&w=500",
      "https://images.pexels.com/photos/6527028/pexels-photo-6527028.jpeg?auto=compress&cs=tinysrgb&dpr=1&w=500"
    ],
    "commentCount": 47,
    "viewCount": 30,
    "like": false,
    "address": "855 Texas Alley",
    "reviewStart": 4.3,
    "reviewCount": 35,
    "price": "$364.98",
    "maxGuests": 8,
    "bedrooms": 10,
    "bathrooms": 9,
    "saleOff": "-10% today",
    "isAds": null,
    "map": { "lat": 59.955413, "lng": 30.337844 }
  },
  {
    "id": "daa69a49-92e0-420a-b799-a510b9cdfbb9",
    "authorId": 3,
    "date": "May 20, 2021",
    "href": "/listing-stay-detail",
    "listingCategoryId": 2,
    "title": "The Bell Hotel ",
    "featuredImage": "https://images.pexels.com/photos/5191371/pexels-photo-5191371.jpeg?auto=compress&cs=tinysrgb&dpr=1&w=500",
    "galleryImgs": [
      "https://images.pexels.com/photos/1539777/pexels-photo-1539777.jpeg?auto=compress&cs=tinysrgb&dpr=1&w=500",
      "https://images.pexels.com/photos/1539777/pexels-photo-1539777.jpeg?auto=compress&cs=tinysrgb&dpr=1&w=500",
      "https://images.pexels.com/photos/1539777/pexels-photo-1539777.jpeg?auto=compress&cs=tinysrgb&dpr=1&w=500",
      "https://images.pexels.com/photos/1539777/pexels-photo-1539777.jpeg?auto=compress&cs=tinysrgb&dpr=1&w=500"
    ],
    "commentCount": 34,
    "viewCount": 733,
    "like": true,
    "address": "3633 Meadow Valley Circle",
    "reviewStart": 3.0,
    "reviewCount": 375,
    "price": "$364.42",
    "maxGuests": 6,
    "bedrooms": 10,
    "bathrooms": 9,
    "saleOff": null,
    "isAds": null,
    "map": { "lat": 59.955413, "lng": 30.337844 }
  },
  {
    "id": "b476d787-46ef-43c4-af2c-8e3d0e24f24f",
    "authorId": 2,
    "date": "May 20, 2021",
    "href": "/listing-stay-detail",
    "listingCategoryId": 14,
    "title": "Harper's Steakhouse Southampton ",
    "featuredImage": "https://images.pexels.com/photos/5191371/pexels-photo-5191371.jpeg?auto=compress&cs=tinysrgb&dpr=1&w=500",
    "galleryImgs": [
      "https://images.pexels.com/photos/6238683/pexels-photo-6238683.jpeg?auto=compress&cs=tinysrgb&dpr=1&w=500",
      "https://images.pexels.com/photos/6238683/pexels-photo-6238683.jpeg?auto=compress&cs=tinysrgb&dpr=1&w=500",
      "https://images.pexels.com/photos/6238683/pexels-photo-6238683.jpeg?auto=compress&cs=tinysrgb&dpr=1&w=500",
      "https://images.pexels.com/photos/6238683/pexels-photo-6238683.jpeg?auto=compress&cs=tinysrgb&dpr=1&w=500"
    ],
    "commentCount": 96,
    "viewCount": 49,
    "like": false,
    "address": "3 Derek Crossing",
    "reviewStart": 3.4,
    "reviewCount": 494,
    "price": "$229.27",
    "maxGuests": 10,
    "bedrooms": 9,
    "bathrooms": 8,
    "saleOff": null,
    "isAds": null,
    "map": { "lat": 59.955413, "lng": 30.337844 }
  },
  {
    "id": "386f3a6a-8690-4991-9d00-c048ac9540e1",
    "authorId": 4,
    "date": "May 20, 2021",
    "href": "/listing-stay-detail",
    "listingCategoryId": 10,
    "title": "Strawberry Bank Hotel ",
    "featuredImage": "https://images.pexels.com/photos/5191371/pexels-photo-5191371.jpeg?auto=compress&cs=tinysrgb&dpr=1&w=500",
    "galleryImgs": [
      "https://images.pexels.com/photos/2029673/pexels-photo-2029673.jpeg?auto=compress&cs=tinysrgb&dpr=1&w=500",
      "https://images.pexels.com/photos/2029673/pexels-photo-2029673.jpeg?auto=compress&cs=tinysrgb&dpr=1&w=500",
      "https://images.pexels.com/photos/2029673/pexels-photo-2029673.jpeg?auto=compress&cs=tinysrgb&dpr=1&w=500",
      "https://images.pexels.com/photos/2029673/pexels-photo-2029673.jpeg?auto=compress&cs=tinysrgb&dpr=1&w=500"
    ],
    "commentCount": 48,
    "viewCount": 740,
    "like": true,
    "address": "843 Elmside Center",
    "reviewStart": 3.2,
    "reviewCount": 248,
    "price": "$176.39",
    "maxGuests": 10,
    "bedrooms": 8,
    "bathrooms": 8,
    "saleOff": "-10% today",
    "isAds": null,
    "map": { "lat": 59.955413, "lng": 30.337844 }
  },
  {
    "id": "7182e25c-26f9-4a30-a9a8-31e49cad4b94",
    "authorId": 3,
    "date": "May 20, 2021",
    "href": "/listing-stay-detail",
    "listingCategoryId": 5,
    "title": "OYO Honeycroft Lodge ",
    "featuredImage": "https://images.pexels.com/photos/5191371/pexels-photo-5191371.jpeg?auto=compress&cs=tinysrgb&dpr=1&w=500",
    "galleryImgs": [
      "https://images.pexels.com/photos/4112557/pexels-photo-4112557.jpeg?auto=compress&cs=tinysrgb&dpr=1&w=500",
      "https://images.pexels.com/photos/4112557/pexels-photo-4112557.jpeg?auto=compress&cs=tinysrgb&dpr=1&w=500",
      "https://images.pexels.com/photos/4112557/pexels-photo-4112557.jpeg?auto=compress&cs=tinysrgb&dpr=1&w=500",
      "https://images.pexels.com/photos/4112557/pexels-photo-4112557.jpeg?auto=compress&cs=tinysrgb&dpr=1&w=500"
    ],
    "commentCount": 24,
    "viewCount": 392,
    "like": false,
    "address": "51 Messerschmidt Parkway",
    "reviewStart": 3.4,
    "reviewCount": 120,
    "price": "$79.14",
    "maxGuests": 5,
    "bedrooms": 4,
    "bathrooms": 9,
    "saleOff": null,
    "isAds": null,
    "map": { "lat": 59.955413, "lng": 30.337844 }
  }
]
